<?xml version="1.0" encoding="UTF-8"?>
<GenRun Id="impl_1" LaunchPart="xc7a35tcpg236-1" LaunchTime="1524988363">
  <File Type="WBT-USG" Name="usage_statistics_webtalk.html"/>
  <File Type="BG-DRC" Name="buss.drc"/>
  <File Type="BG-BGN" Name="buss.bgn"/>
  <File Type="BITSTR-SYSDEF" Name="buss.sysdef"/>
  <File Type="BITSTR-MMI" Name="buss.mmi"/>
  <File Type="BITSTR-BMM" Name="buss_bd.bmm"/>
  <File Type="BITSTR-NKY" Name="buss.nky"/>
  <File Type="BITSTR-RBT" Name="buss.rbt"/>
  <File Type="BITSTR-MSK" Name="buss.msk"/>
  <File Type="BG-BIN" Name="buss.bin"/>
  <File Type="BG-BIT" Name="buss.bit"/>
  <File Type="POSTROUTE-PHYSOPT-TIMING-RPX" Name="buss_timing_summary_postroute_physopted.rpx"/>
  <File Type="POSTROUTE-PHYSOPT-TIMING-PB" Name="buss_timing_summary_postroute_physopted.pb"/>
  <File Type="POSTROUTE-PHYSOPT-TIMING" Name="buss_timing_summary_postroute_physopted.rpt"/>
  <File Type="POSTROUTE-PHYSOPT-BLACKBOX-DCP" Name="buss_postroute_physopt_bb.dcp"/>
  <File Type="POSTROUTE-PHYSOPT-DCP" Name="buss_postroute_physopt.dcp"/>
  <File Type="ROUTE-CLK" Name="buss_clock_utilization_routed.rpt"/>
  <File Type="ROUTE-SIMILARITY" Name="buss_incremental_reuse_routed.rpt"/>
  <File Type="ROUTE-TIMING-RPX" Name="buss_timing_summary_routed.rpx"/>
  <File Type="ROUTE-TIMING-PB" Name="buss_timing_summary_routed.pb"/>
  <File Type="ROUTE-TIMINGSUMMARY" Name="buss_timing_summary_routed.rpt"/>
  <File Type="ROUTE-STATUS-PB" Name="buss_route_status.pb"/>
  <File Type="ROUTE-STATUS" Name="buss_route_status.rpt"/>
  <File Type="ROUTE-PWR-RPX" Name="buss_power_routed.rpx"/>
  <File Type="ROUTE-PWR-SUM" Name="buss_power_summary_routed.pb"/>
  <File Type="ROUTE-PWR" Name="buss_power_routed.rpt"/>
  <File Type="ROUTE-METHODOLOGY-DRC-PB" Name="buss_methodology_drc_routed.pb"/>
  <File Type="ROUTE-METHODOLOGY-DRC-RPX" Name="buss_methodology_drc_routed.rpx"/>
  <File Type="ROUTE-METHODOLOGY-DRC" Name="buss_methodology_drc_routed.rpt"/>
  <File Type="ROUTE-DRC-RPX" Name="buss_drc_routed.rpx"/>
  <File Type="ROUTE-DRC-PB" Name="buss_drc_routed.pb"/>
  <File Type="ROUTE-DRC" Name="buss_drc_routed.rpt"/>
  <File Type="ROUTE-BLACKBOX-DCP" Name="buss_routed_bb.dcp"/>
  <File Type="ROUTE-DCP" Name="buss_routed.dcp"/>
  <File Type="ROUTE-ERROR-DCP" Name="buss_routed_error.dcp"/>
  <File Type="PHYSOPT-TIMING" Name="buss_timing_summary_physopted.rpt"/>
  <File Type="PHYSOPT-DRC" Name="buss_drc_physopted.rpt"/>
  <File Type="PHYSOPT-DCP" Name="buss_physopt.dcp"/>
  <File Type="POSTPLACE-PWROPT-TIMING" Name="buss_timing_summary_postplace_pwropted.rpt"/>
  <File Type="RDI-RDI" Name="buss.vdi"/>
  <File Type="PLACE-TIMING" Name="buss_timing_summary_placed.rpt"/>
  <File Type="PLACE-PRE-SIMILARITY" Name="buss_incremental_reuse_pre_placed.rpt"/>
  <File Type="PLACE-SIMILARITY" Name="buss_incremental_reuse_placed.rpt"/>
  <File Type="PLACE-CTRL" Name="buss_control_sets_placed.rpt"/>
  <File Type="PLACE-UTIL-PB" Name="buss_utilization_placed.pb"/>
  <File Type="PLACE-UTIL" Name="buss_utilization_placed.rpt"/>
  <File Type="PLACE-CLK" Name="buss_clock_utilization_placed.rpt"/>
  <File Type="PLACE-IO" Name="buss_io_placed.rpt"/>
  <File Type="PLACE-DCP" Name="buss_placed.dcp"/>
  <File Type="PWROPT-TIMING" Name="buss_timing_summary_pwropted.rpt"/>
  <File Type="PWROPT-DRC" Name="buss_drc_pwropted.rpt"/>
  <File Type="PWROPT-DCP" Name="buss_pwropt.dcp"/>
  <File Type="OPT-TIMING" Name="buss_timing_summary_opted.rpt"/>
  <File Type="OPT-HWDEF" Name="buss.hwdef"/>
  <File Type="OPT-METHODOLOGY-DRC" Name="buss_methodology_drc_opted.rpt"/>
  <File Type="OPT-DRC" Name="buss_drc_opted.rpt"/>
  <File Type="OPT-DCP" Name="buss_opt.dcp"/>
  <File Type="INIT-TIMING" Name="buss_timing_summary_init.rpt"/>
  <File Type="POSTPLACE-PWROPT-DCP" Name="buss_postplace_pwropt.dcp"/>
  <File Type="PA-TCL" Name="buss.tcl"/>
  <FileSet Name="sources" Type="DesignSrcs" RelSrcDir="$PSRCDIR/sources_1">
    <Filter Type="Srcs"/>
    <File Path="$PSRCDIR/sources_1/imports/src/sources_1/imports/Memory.vhd">
      <FileInfo>
        <Attr Name="ImportPath" Val="$PPRDIR/../src/sources_1/imports/Memory.vhd"/>
        <Attr Name="ImportTime" Val="1524851306"/>
        <Attr Name="UsedIn" Val="synthesis"/>
        <Attr Name="UsedIn" Val="simulation"/>
      </FileInfo>
    </File>
    <File Path="$PSRCDIR/sources_1/imports/src/sources_1/new/writer_4bit.vhd">
      <FileInfo>
        <Attr Name="ImportPath" Val="$PPRDIR/../src/sources_1/new/writer_4bit.vhd"/>
        <Attr Name="ImportTime" Val="1524851306"/>
        <Attr Name="UsedIn" Val="synthesis"/>
        <Attr Name="UsedIn" Val="simulation"/>
      </FileInfo>
    </File>
    <File Path="$PSRCDIR/sources_1/imports/src/sources_1/imports/Lab4_comp_done/writer.vhd">
      <FileInfo>
        <Attr Name="ImportPath" Val="$PPRDIR/../src/sources_1/imports/Lab4_comp_done/writer.vhd"/>
        <Attr Name="ImportTime" Val="1524851306"/>
        <Attr Name="UsedIn" Val="synthesis"/>
        <Attr Name="UsedIn" Val="simulation"/>
      </FileInfo>
    </File>
    <File Path="$PSRCDIR/sources_1/imports/src/sources_1/new/shift.vhd">
      <FileInfo>
        <Attr Name="ImportPath" Val="$PPRDIR/../src/sources_1/new/shift.vhd"/>
        <Attr Name="ImportTime" Val="1524851306"/>
        <Attr Name="UsedIn" Val="synthesis"/>
        <Attr Name="UsedIn" Val="simulation"/>
      </FileInfo>
    </File>
    <File Path="$PSRCDIR/sources_1/imports/src/sources_1/imports/Lab4_comp_done/regF.vhd">
      <FileInfo>
        <Attr Name="ImportPath" Val="$PPRDIR/../src/sources_1/imports/Lab4_comp_done/regF.vhd"/>
        <Attr Name="ImportTime" Val="1524851306"/>
        <Attr Name="UsedIn" Val="synthesis"/>
        <Attr Name="UsedIn" Val="simulation"/>
      </FileInfo>
    </File>
    <File Path="$PSRCDIR/sources_1/imports/src/sources_1/imports/Lab4_comp_done/PMpath.vhd">
      <FileInfo>
        <Attr Name="ImportPath" Val="$PPRDIR/../src/sources_1/imports/Lab4_comp_done/PMpath.vhd"/>
        <Attr Name="ImportTime" Val="1524851306"/>
        <Attr Name="UsedIn" Val="synthesis"/>
        <Attr Name="UsedIn" Val="simulation"/>
      </FileInfo>
    </File>
    <File Path="$PSRCDIR/sources_1/imports/src/sources_1/new/pc_writer.vhd">
      <FileInfo>
        <Attr Name="ImportPath" Val="$PPRDIR/../src/sources_1/new/pc_writer.vhd"/>
        <Attr Name="ImportTime" Val="1524851306"/>
        <Attr Name="UsedIn" Val="synthesis"/>
        <Attr Name="UsedIn" Val="simulation"/>
      </FileInfo>
    </File>
    <File Path="$PSRCDIR/sources_1/imports/src/sources_1/imports/Controller/NextState.vhd">
      <FileInfo>
        <Attr Name="ImportPath" Val="$PPRDIR/../src/sources_1/imports/Controller/NextState.vhd"/>
        <Attr Name="ImportTime" Val="1524851306"/>
        <Attr Name="UsedIn" Val="synthesis"/>
        <Attr Name="UsedIn" Val="simulation"/>
      </FileInfo>
    </File>
    <File Path="$PSRCDIR/sources_1/imports/src/sources_1/new/mux_5_1.vhd">
      <FileInfo>
        <Attr Name="ImportPath" Val="$PPRDIR/../src/sources_1/new/mux_5_1.vhd"/>
        <Attr Name="ImportTime" Val="1524851306"/>
        <Attr Name="UsedIn" Val="synthesis"/>
        <Attr Name="UsedIn" Val="simulation"/>
      </FileInfo>
    </File>
    <File Path="$PSRCDIR/sources_1/imports/src/sources_1/imports/Lab4_comp_done/mux_4_1_5bit.vhd">
      <FileInfo>
        <Attr Name="ImportPath" Val="$PPRDIR/../src/sources_1/imports/Lab4_comp_done/mux_4_1_5bit.vhd"/>
        <Attr Name="ImportTime" Val="1524851306"/>
        <Attr Name="UsedIn" Val="synthesis"/>
        <Attr Name="UsedIn" Val="simulation"/>
      </FileInfo>
    </File>
    <File Path="$PSRCDIR/sources_1/imports/src/sources_1/new/mux_4_1_4bit.vhd">
      <FileInfo>
        <Attr Name="ImportPath" Val="$PPRDIR/../src/sources_1/new/mux_4_1_4bit.vhd"/>
        <Attr Name="ImportTime" Val="1524851306"/>
        <Attr Name="UsedIn" Val="synthesis"/>
        <Attr Name="UsedIn" Val="simulation"/>
      </FileInfo>
    </File>
    <File Path="$PSRCDIR/sources_1/imports/src/sources_1/imports/Lab4_comp_done/mux_3_1_4bit.vhd">
      <FileInfo>
        <Attr Name="ImportPath" Val="$PPRDIR/../src/sources_1/imports/Lab4_comp_done/mux_3_1_4bit.vhd"/>
        <Attr Name="ImportTime" Val="1524851306"/>
        <Attr Name="UsedIn" Val="synthesis"/>
        <Attr Name="UsedIn" Val="simulation"/>
      </FileInfo>
    </File>
    <File Path="$PSRCDIR/sources_1/imports/src/sources_1/new/mux_3_1.vhd">
      <FileInfo>
        <Attr Name="ImportPath" Val="$PPRDIR/../src/sources_1/new/mux_3_1.vhd"/>
        <Attr Name="ImportTime" Val="1524851306"/>
        <Attr Name="UsedIn" Val="synthesis"/>
        <Attr Name="UsedIn" Val="simulation"/>
      </FileInfo>
    </File>
    <File Path="$PSRCDIR/sources_1/imports/src/sources_1/imports/Lab4_comp_done/mux_2_1_4bit.vhd">
      <FileInfo>
        <Attr Name="ImportPath" Val="$PPRDIR/../src/sources_1/imports/Lab4_comp_done/mux_2_1_4bit.vhd"/>
        <Attr Name="ImportTime" Val="1524851306"/>
        <Attr Name="UsedIn" Val="synthesis"/>
        <Attr Name="UsedIn" Val="simulation"/>
      </FileInfo>
    </File>
    <File Path="$PSRCDIR/sources_1/imports/src/sources_1/imports/Lab4_comp_done/mux_2_1.vhd">
      <FileInfo>
        <Attr Name="ImportPath" Val="$PPRDIR/../src/sources_1/imports/Lab4_comp_done/mux_2_1.vhd"/>
        <Attr Name="ImportTime" Val="1524851306"/>
        <Attr Name="UsedIn" Val="synthesis"/>
        <Attr Name="UsedIn" Val="simulation"/>
      </FileInfo>
    </File>
    <File Path="$PSRCDIR/sources_1/imports/src/sources_1/imports/Lab4_comp_done/Multiplier.vhd">
      <FileInfo>
        <Attr Name="ImportPath" Val="$PPRDIR/../src/sources_1/imports/Lab4_comp_done/Multiplier.vhd"/>
        <Attr Name="ImportTime" Val="1524851306"/>
        <Attr Name="UsedIn" Val="synthesis"/>
        <Attr Name="UsedIn" Val="simulation"/>
      </FileInfo>
    </File>
    <File Path="$PSRCDIR/sources_1/imports/src/sources_1/imports/Controller/MainControl.vhd">
      <FileInfo>
        <Attr Name="ImportPath" Val="$PPRDIR/../src/sources_1/imports/Controller/MainControl.vhd"/>
        <Attr Name="ImportTime" Val="1524851306"/>
        <Attr Name="UsedIn" Val="synthesis"/>
        <Attr Name="UsedIn" Val="simulation"/>
      </FileInfo>
    </File>
    <File Path="$PSRCDIR/sources_1/imports/src/sources_1/imports/Controller/Decoder.vhd">
      <FileInfo>
        <Attr Name="ImportPath" Val="$PPRDIR/../src/sources_1/imports/Controller/Decoder.vhd"/>
        <Attr Name="ImportTime" Val="1524851306"/>
        <Attr Name="UsedIn" Val="synthesis"/>
        <Attr Name="UsedIn" Val="simulation"/>
      </FileInfo>
    </File>
    <File Path="$PSRCDIR/sources_1/imports/src/sources_1/imports/Controller/Bctrl.vhd">
      <FileInfo>
        <Attr Name="ImportPath" Val="$PPRDIR/../src/sources_1/imports/Controller/Bctrl.vhd"/>
        <Attr Name="ImportTime" Val="1524851306"/>
        <Attr Name="UsedIn" Val="synthesis"/>
        <Attr Name="UsedIn" Val="simulation"/>
      </FileInfo>
    </File>
    <File Path="$PSRCDIR/sources_1/imports/src/sources_1/imports/Lab4_comp_done/ALU.vhd">
      <FileInfo>
        <Attr Name="ImportPath" Val="$PPRDIR/../src/sources_1/imports/Lab4_comp_done/ALU.vhd"/>
        <Attr Name="ImportTime" Val="1524851306"/>
        <Attr Name="UsedIn" Val="synthesis"/>
        <Attr Name="UsedIn" Val="simulation"/>
      </FileInfo>
    </File>
    <File Path="$PSRCDIR/sources_1/imports/src/sources_1/imports/Controller/Actrl.vhd">
      <FileInfo>
        <Attr Name="ImportPath" Val="$PPRDIR/../src/sources_1/imports/Controller/Actrl.vhd"/>
        <Attr Name="ImportTime" Val="1524851306"/>
        <Attr Name="UsedIn" Val="synthesis"/>
        <Attr Name="UsedIn" Val="simulation"/>
      </FileInfo>
    </File>
    <File Path="$PSRCDIR/sources_1/imports/src/A6/memory2.vhd">
      <FileInfo>
        <Attr Name="UsedIn" Val="synthesis"/>
        <Attr Name="UsedIn" Val="simulation"/>
      </FileInfo>
    </File>
    <File Path="$PSRCDIR/sources_1/imports/src/sources_1/imports/DataPath/Datapath.vhd">
      <FileInfo>
        <Attr Name="ImportPath" Val="$PPRDIR/../src/sources_1/imports/DataPath/Datapath.vhd"/>
        <Attr Name="ImportTime" Val="1524851306"/>
        <Attr Name="UsedIn" Val="synthesis"/>
        <Attr Name="UsedIn" Val="simulation"/>
      </FileInfo>
    </File>
    <File Path="$PSRCDIR/sources_1/imports/src/sources_1/imports/Controller/Controller.vhd">
      <FileInfo>
        <Attr Name="ImportPath" Val="$PPRDIR/../src/sources_1/imports/Controller/Controller.vhd"/>
        <Attr Name="ImportTime" Val="1524851306"/>
        <Attr Name="UsedIn" Val="synthesis"/>
        <Attr Name="UsedIn" Val="simulation"/>
      </FileInfo>
    </File>
    <File Path="$PSRCDIR/sources_1/imports/src/A6/output.vhd">
      <FileInfo>
        <Attr Name="ImportPath" Val="$PPRDIR/../src/A6/output.vhd"/>
        <Attr Name="ImportTime" Val="1524850359"/>
        <Attr Name="UsedIn" Val="synthesis"/>
        <Attr Name="UsedIn" Val="simulation"/>
      </FileInfo>
    </File>
    <File Path="$PSRCDIR/sources_1/imports/src/A6/mux.vhd">
      <FileInfo>
        <Attr Name="ImportPath" Val="$PPRDIR/../src/A6/mux.vhd"/>
        <Attr Name="ImportTime" Val="1524847189"/>
        <Attr Name="UsedIn" Val="synthesis"/>
        <Attr Name="UsedIn" Val="simulation"/>
      </FileInfo>
    </File>
    <File Path="$PSRCDIR/sources_1/imports/src/A6/switches.vhd">
      <FileInfo>
        <Attr Name="ImportPath" Val="$PPRDIR/../src/A6/switches.vhd"/>
        <Attr Name="ImportTime" Val="1524849174"/>
        <Attr Name="UsedIn" Val="synthesis"/>
        <Attr Name="UsedIn" Val="simulation"/>
      </FileInfo>
    </File>
    <File Path="$PSRCDIR/sources_1/imports/src/A6/mem_state.vhd">
      <FileInfo>
        <Attr Name="ImportPath" Val="$PPRDIR/../src/A6/mem_state.vhd"/>
        <Attr Name="ImportTime" Val="1524735715"/>
        <Attr Name="UsedIn" Val="synthesis"/>
        <Attr Name="UsedIn" Val="simulation"/>
      </FileInfo>
    </File>
    <File Path="$PSRCDIR/sources_1/imports/src/A6/mem.vhd">
      <FileInfo>
        <Attr Name="ImportPath" Val="$PPRDIR/../src/A6/mem.vhd"/>
        <Attr Name="ImportTime" Val="1524851199"/>
        <Attr Name="UsedIn" Val="synthesis"/>
        <Attr Name="UsedIn" Val="simulation"/>
      </FileInfo>
    </File>
    <File Path="$PSRCDIR/sources_1/imports/src/sources_1/new/D+C.vhd">
      <FileInfo>
        <Attr Name="ImportPath" Val="$PPRDIR/../src/sources_1/new/D+C.vhd"/>
        <Attr Name="ImportTime" Val="1524851306"/>
        <Attr Name="UsedIn" Val="synthesis"/>
        <Attr Name="UsedIn" Val="simulation"/>
      </FileInfo>
    </File>
    <File Path="$PSRCDIR/sources_1/imports/src/A6/decoder_bus.vhd">
      <FileInfo>
        <Attr Name="UsedIn" Val="synthesis"/>
        <Attr Name="UsedIn" Val="simulation"/>
      </FileInfo>
    </File>
    <File Path="$PSRCDIR/sources_1/imports/src/A6/bus.vhd">
      <FileInfo>
        <Attr Name="ImportPath" Val="$PPRDIR/../src/A6/bus.vhd"/>
        <Attr Name="ImportTime" Val="1524672539"/>
        <Attr Name="UsedIn" Val="synthesis"/>
        <Attr Name="UsedIn" Val="simulation"/>
      </FileInfo>
    </File>
    <File Path="$PSRCDIR/sources_1/imports/src/sources_1/imports/Lab4/lab4.vhd">
      <FileInfo>
        <Attr Name="AutoDisabled" Val="1"/>
        <Attr Name="ImportPath" Val="$PPRDIR/../src/sources_1/imports/Lab4/lab4.vhd"/>
        <Attr Name="ImportTime" Val="1524851306"/>
        <Attr Name="UsedIn" Val="synthesis"/>
        <Attr Name="UsedIn" Val="simulation"/>
      </FileInfo>
    </File>
    <Config>
      <Option Name="DesignMode" Val="RTL"/>
      <Option Name="TopModule" Val="buss"/>
      <Option Name="TopAutoSet" Val="TRUE"/>
    </Config>
  </FileSet>
  <FileSet Name="constrs_in" Type="Constrs" RelSrcDir="$PSRCDIR/constrs_1">
    <Filter Type="Constrs"/>
    <File Path="$PSRCDIR/constrs_1/new/lab6.xdc">
      <FileInfo>
        <Attr Name="UsedIn" Val="synthesis"/>
        <Attr Name="UsedIn" Val="implementation"/>
      </FileInfo>
    </File>
    <Config>
      <Option Name="ConstrsType" Val="XDC"/>
    </Config>
  </FileSet>
  <Strategy Version="1" Minor="2">
    <StratHandle Name="Vivado Implementation Defaults" Flow="Vivado Implementation 2016"/>
    <Step Id="init_design"/>
    <Step Id="opt_design"/>
    <Step Id="power_opt_design"/>
    <Step Id="place_design"/>
    <Step Id="post_place_power_opt_design"/>
    <Step Id="phys_opt_design"/>
    <Step Id="route_design"/>
    <Step Id="post_route_phys_opt_design"/>
    <Step Id="write_bitstream"/>
  </Strategy>
</GenRun>
