<?xml version="1.0" encoding="UTF-8"?>
<GenRun Id="synth_1" LaunchPart="xc7a35tcpg236-1" LaunchTime="1525001693">
  <File Type="VDS-TIMING-PB" Name="DC_timing_summary_synth.pb"/>
  <File Type="VDS-TIMINGSUMMARY" Name="DC_timing_summary_synth.rpt"/>
  <File Type="RDS-DCP" Name="DC.dcp"/>
  <File Type="RDS-UTIL-PB" Name="DC_utilization_synth.pb"/>
  <File Type="RDS-UTIL" Name="DC_utilization_synth.rpt"/>
  <File Type="RDS-PROPCONSTRS" Name="DC_drc_synth.rpt"/>
  <File Type="RDS-RDS" Name="DC.vds"/>
  <File Type="PA-TCL" Name="DC.tcl"/>
  <FileSet Name="sources" Type="DesignSrcs" RelSrcDir="$PSRCDIR/sources_1">
    <Filter Type="Srcs"/>
    <File Path="$PSRCDIR/sources_1/new/pc_writer.vhd">
      <FileInfo>
        <Attr Name="UsedIn" Val="synthesis"/>
        <Attr Name="UsedIn" Val="simulation"/>
      </FileInfo>
    </File>
    <File Path="$PSRCDIR/sources_1/imports/Controller/NextState.vhd">
      <FileInfo>
        <Attr Name="ImportPath" Val="$PPRDIR/../Controller/NextState.vhd"/>
        <Attr Name="ImportTime" Val="1521799556"/>
        <Attr Name="UsedIn" Val="synthesis"/>
        <Attr Name="UsedIn" Val="simulation"/>
      </FileInfo>
    </File>
    <File Path="$PSRCDIR/sources_1/imports/Controller/MainControl.vhd">
      <FileInfo>
        <Attr Name="ImportPath" Val="$PPRDIR/../Controller/MainControl.vhd"/>
        <Attr Name="ImportTime" Val="1521799279"/>
        <Attr Name="UsedIn" Val="synthesis"/>
        <Attr Name="UsedIn" Val="simulation"/>
      </FileInfo>
    </File>
    <File Path="$PSRCDIR/sources_1/imports/Controller/Decoder.vhd">
      <FileInfo>
        <Attr Name="ImportPath" Val="$PPRDIR/../Controller/Decoder.vhd"/>
        <Attr Name="ImportTime" Val="1521798494"/>
        <Attr Name="UsedIn" Val="synthesis"/>
        <Attr Name="UsedIn" Val="simulation"/>
      </FileInfo>
    </File>
    <File Path="$PSRCDIR/sources_1/imports/Controller/Bctrl.vhd">
      <FileInfo>
        <Attr Name="ImportPath" Val="$PPRDIR/../Controller/Bctrl.vhd"/>
        <Attr Name="ImportTime" Val="1521575003"/>
        <Attr Name="UsedIn" Val="synthesis"/>
        <Attr Name="UsedIn" Val="simulation"/>
      </FileInfo>
    </File>
    <File Path="$PSRCDIR/sources_1/imports/Controller/Actrl.vhd">
      <FileInfo>
        <Attr Name="ImportPath" Val="$PPRDIR/../Controller/Actrl.vhd"/>
        <Attr Name="ImportTime" Val="1521798431"/>
        <Attr Name="UsedIn" Val="synthesis"/>
        <Attr Name="UsedIn" Val="simulation"/>
      </FileInfo>
    </File>
    <File Path="$PSRCDIR/sources_1/imports/Memory.vhd">
      <FileInfo>
        <Attr Name="UsedIn" Val="synthesis"/>
        <Attr Name="UsedIn" Val="simulation"/>
      </FileInfo>
    </File>
    <File Path="$PSRCDIR/sources_1/new/writer_4bit.vhd">
      <FileInfo>
        <Attr Name="UsedIn" Val="synthesis"/>
        <Attr Name="UsedIn" Val="simulation"/>
      </FileInfo>
    </File>
    <File Path="$PSRCDIR/sources_1/imports/Lab4_comp_done/writer.vhd">
      <FileInfo>
        <Attr Name="ImportPath" Val="$PPRDIR/../Dropbox/SEM 4/COL 216/Lab/VHDL/Lab4_comp_done/writer.vhd"/>
        <Attr Name="ImportTime" Val="1520510658"/>
        <Attr Name="UsedIn" Val="synthesis"/>
        <Attr Name="UsedIn" Val="simulation"/>
      </FileInfo>
    </File>
    <File Path="$PSRCDIR/sources_1/new/shift.vhd">
      <FileInfo>
        <Attr Name="UsedIn" Val="synthesis"/>
        <Attr Name="UsedIn" Val="simulation"/>
      </FileInfo>
    </File>
    <File Path="$PSRCDIR/sources_1/imports/Lab4_comp_done/regF.vhd">
      <FileInfo>
        <Attr Name="ImportPath" Val="$PPRDIR/../Dropbox/SEM 4/COL 216/Lab/VHDL/Lab4_comp_done/regF.vhd"/>
        <Attr Name="ImportTime" Val="1520477650"/>
        <Attr Name="UsedIn" Val="synthesis"/>
        <Attr Name="UsedIn" Val="simulation"/>
      </FileInfo>
    </File>
    <File Path="$PSRCDIR/sources_1/imports/Lab4_comp_done/PMpath.vhd">
      <FileInfo>
        <Attr Name="ImportPath" Val="$PPRDIR/../Dropbox/SEM 4/COL 216/Lab/VHDL/Lab4_comp_done/PMpath.vhd"/>
        <Attr Name="ImportTime" Val="1520477653"/>
        <Attr Name="UsedIn" Val="synthesis"/>
        <Attr Name="UsedIn" Val="simulation"/>
      </FileInfo>
    </File>
    <File Path="$PSRCDIR/sources_1/new/mux_5_1.vhd">
      <FileInfo>
        <Attr Name="UsedIn" Val="synthesis"/>
        <Attr Name="UsedIn" Val="simulation"/>
      </FileInfo>
    </File>
    <File Path="$PSRCDIR/sources_1/imports/Lab4_comp_done/mux_4_1_5bit.vhd">
      <FileInfo>
        <Attr Name="ImportPath" Val="$PPRDIR/../Dropbox/SEM 4/COL 216/Lab/VHDL/Lab4_comp_done/mux_4_1_5bit.vhd"/>
        <Attr Name="ImportTime" Val="1520587871"/>
        <Attr Name="UsedIn" Val="synthesis"/>
        <Attr Name="UsedIn" Val="simulation"/>
      </FileInfo>
    </File>
    <File Path="$PSRCDIR/sources_1/new/mux_4_1_4bit.vhd">
      <FileInfo>
        <Attr Name="UsedIn" Val="synthesis"/>
        <Attr Name="UsedIn" Val="simulation"/>
      </FileInfo>
    </File>
    <File Path="$PSRCDIR/sources_1/imports/Lab4_comp_done/mux_3_1_4bit.vhd">
      <FileInfo>
        <Attr Name="ImportPath" Val="$PPRDIR/../Dropbox/SEM 4/COL 216/Lab/VHDL/Lab4_comp_done/mux_3_1_4bit.vhd"/>
        <Attr Name="ImportTime" Val="1520587826"/>
        <Attr Name="UsedIn" Val="synthesis"/>
        <Attr Name="UsedIn" Val="simulation"/>
      </FileInfo>
    </File>
    <File Path="$PSRCDIR/sources_1/new/mux_3_1.vhd">
      <FileInfo>
        <Attr Name="UsedIn" Val="synthesis"/>
        <Attr Name="UsedIn" Val="simulation"/>
      </FileInfo>
    </File>
    <File Path="$PSRCDIR/sources_1/imports/Lab4_comp_done/mux_2_1_4bit.vhd">
      <FileInfo>
        <Attr Name="ImportPath" Val="$PPRDIR/../Dropbox/SEM 4/COL 216/Lab/VHDL/Lab4_comp_done/mux_2_1_4bit.vhd"/>
        <Attr Name="ImportTime" Val="1520587797"/>
        <Attr Name="UsedIn" Val="synthesis"/>
        <Attr Name="UsedIn" Val="simulation"/>
      </FileInfo>
    </File>
    <File Path="$PSRCDIR/sources_1/imports/Lab4_comp_done/mux_2_1.vhd">
      <FileInfo>
        <Attr Name="ImportPath" Val="$PPRDIR/../Dropbox/SEM 4/COL 216/Lab/VHDL/Lab4_comp_done/mux_2_1.vhd"/>
        <Attr Name="ImportTime" Val="1520347610"/>
        <Attr Name="UsedIn" Val="synthesis"/>
        <Attr Name="UsedIn" Val="simulation"/>
      </FileInfo>
    </File>
    <File Path="$PSRCDIR/sources_1/imports/Lab4_comp_done/Multiplier.vhd">
      <FileInfo>
        <Attr Name="ImportPath" Val="$PPRDIR/../Dropbox/SEM 4/COL 216/Lab/VHDL/Lab4_comp_done/Multiplier.vhd"/>
        <Attr Name="ImportTime" Val="1520250830"/>
        <Attr Name="UsedIn" Val="synthesis"/>
        <Attr Name="UsedIn" Val="simulation"/>
      </FileInfo>
    </File>
    <File Path="$PSRCDIR/sources_1/imports/Lab4_comp_done/ALU.vhd">
      <FileInfo>
        <Attr Name="ImportPath" Val="$PPRDIR/../Dropbox/SEM 4/COL 216/Lab/VHDL/Lab4_comp_done/ALU.vhd"/>
        <Attr Name="ImportTime" Val="1520478031"/>
        <Attr Name="UsedIn" Val="synthesis"/>
        <Attr Name="UsedIn" Val="simulation"/>
      </FileInfo>
    </File>
    <File Path="$PSRCDIR/sources_1/imports/Controller/Controller.vhd">
      <FileInfo>
        <Attr Name="ImportPath" Val="$PPRDIR/../Controller/Controller.vhd"/>
        <Attr Name="ImportTime" Val="1522876381"/>
        <Attr Name="UsedIn" Val="synthesis"/>
        <Attr Name="UsedIn" Val="simulation"/>
      </FileInfo>
    </File>
    <File Path="$PSRCDIR/sources_1/imports/DataPath/Datapath.vhd">
      <FileInfo>
        <Attr Name="ImportPath" Val="$PPRDIR/../Dropbox/SEM 4/COL 216/Lab/VHDL/Lab4/DataPath/Datapath.vhd"/>
        <Attr Name="ImportTime" Val="1520484529"/>
        <Attr Name="UsedIn" Val="synthesis"/>
        <Attr Name="UsedIn" Val="simulation"/>
      </FileInfo>
    </File>
    <File Path="$PSRCDIR/sources_1/new/D+C.vhd">
      <FileInfo>
        <Attr Name="UsedIn" Val="synthesis"/>
        <Attr Name="UsedIn" Val="simulation"/>
      </FileInfo>
    </File>
    <File Path="$PSRCDIR/sources_1/imports/Lab4/lab4.vhd">
      <FileInfo>
        <Attr Name="AutoDisabled" Val="1"/>
        <Attr Name="ImportPath" Val="$PPRDIR/../Dropbox/SEM 4/COL 216/Lab/VHDL/Lab4/lab4.vhd"/>
        <Attr Name="ImportTime" Val="1518275634"/>
        <Attr Name="UsedIn" Val="synthesis"/>
        <Attr Name="UsedIn" Val="simulation"/>
      </FileInfo>
    </File>
    <Config>
      <Option Name="DesignMode" Val="RTL"/>
      <Option Name="TopModule" Val="DC"/>
      <Option Name="TopAutoSet" Val="TRUE"/>
    </Config>
  </FileSet>
  <FileSet Name="constrs_in" Type="Constrs" RelSrcDir="$PSRCDIR/constrs_1">
    <Filter Type="Constrs"/>
    <File Path="$PSRCDIR/constrs_1/imports/A4_A5_datapath controller/lab4_5.xdc">
      <FileInfo>
        <Attr Name="ImportPath" Val="$PPRDIR/../lab4_5.xdc"/>
        <Attr Name="ImportTime" Val="1524912938"/>
        <Attr Name="UsedIn" Val="synthesis"/>
        <Attr Name="UsedIn" Val="implementation"/>
      </FileInfo>
    </File>
    <Config>
      <Option Name="ConstrsType" Val="XDC"/>
    </Config>
  </FileSet>
  <Strategy Version="1" Minor="2">
    <StratHandle Name="Vivado Synthesis Defaults" Flow="Vivado Synthesis 2016"/>
    <Step Id="synth_design"/>
  </Strategy>
</GenRun>
