<?xml version="1.0" encoding="UTF-8"?>
<GenRun Id="impl_1" LaunchPart="xc7a35tcpg236-1" LaunchTime="1525001693">
  <File Type="WBT-USG" Name="usage_statistics_webtalk.html"/>
  <File Type="BG-DRC" Name="DC.drc"/>
  <File Type="BG-BGN" Name="DC.bgn"/>
  <File Type="BITSTR-SYSDEF" Name="DC.sysdef"/>
  <File Type="BITSTR-MMI" Name="DC.mmi"/>
  <File Type="BITSTR-BMM" Name="DC_bd.bmm"/>
  <File Type="BITSTR-NKY" Name="DC.nky"/>
  <File Type="BITSTR-RBT" Name="DC.rbt"/>
  <File Type="BITSTR-MSK" Name="DC.msk"/>
  <File Type="BG-BIN" Name="DC.bin"/>
  <File Type="BG-BIT" Name="DC.bit"/>
  <File Type="POSTROUTE-PHYSOPT-TIMING-RPX" Name="DC_timing_summary_postroute_physopted.rpx"/>
  <File Type="POSTROUTE-PHYSOPT-TIMING-PB" Name="DC_timing_summary_postroute_physopted.pb"/>
  <File Type="POSTROUTE-PHYSOPT-TIMING" Name="DC_timing_summary_postroute_physopted.rpt"/>
  <File Type="POSTROUTE-PHYSOPT-BLACKBOX-DCP" Name="DC_postroute_physopt_bb.dcp"/>
  <File Type="POSTROUTE-PHYSOPT-DCP" Name="DC_postroute_physopt.dcp"/>
  <File Type="ROUTE-CLK" Name="DC_clock_utilization_routed.rpt"/>
  <File Type="ROUTE-SIMILARITY" Name="DC_incremental_reuse_routed.rpt"/>
  <File Type="ROUTE-TIMING-RPX" Name="DC_timing_summary_routed.rpx"/>
  <File Type="ROUTE-TIMING-PB" Name="DC_timing_summary_routed.pb"/>
  <File Type="ROUTE-TIMINGSUMMARY" Name="DC_timing_summary_routed.rpt"/>
  <File Type="ROUTE-STATUS-PB" Name="DC_route_status.pb"/>
  <File Type="ROUTE-STATUS" Name="DC_route_status.rpt"/>
  <File Type="ROUTE-PWR-RPX" Name="DC_power_routed.rpx"/>
  <File Type="ROUTE-PWR-SUM" Name="DC_power_summary_routed.pb"/>
  <File Type="ROUTE-PWR" Name="DC_power_routed.rpt"/>
  <File Type="ROUTE-METHODOLOGY-DRC-PB" Name="DC_methodology_drc_routed.pb"/>
  <File Type="ROUTE-METHODOLOGY-DRC-RPX" Name="DC_methodology_drc_routed.rpx"/>
  <File Type="ROUTE-METHODOLOGY-DRC" Name="DC_methodology_drc_routed.rpt"/>
  <File Type="ROUTE-DRC-RPX" Name="DC_drc_routed.rpx"/>
  <File Type="ROUTE-DRC-PB" Name="DC_drc_routed.pb"/>
  <File Type="ROUTE-DRC" Name="DC_drc_routed.rpt"/>
  <File Type="ROUTE-BLACKBOX-DCP" Name="DC_routed_bb.dcp"/>
  <File Type="ROUTE-DCP" Name="DC_routed.dcp"/>
  <File Type="ROUTE-ERROR-DCP" Name="DC_routed_error.dcp"/>
  <File Type="PHYSOPT-TIMING" Name="DC_timing_summary_physopted.rpt"/>
  <File Type="PHYSOPT-DRC" Name="DC_drc_physopted.rpt"/>
  <File Type="PHYSOPT-DCP" Name="DC_physopt.dcp"/>
  <File Type="POSTPLACE-PWROPT-TIMING" Name="DC_timing_summary_postplace_pwropted.rpt"/>
  <File Type="RDI-RDI" Name="DC.vdi"/>
  <File Type="PLACE-TIMING" Name="DC_timing_summary_placed.rpt"/>
  <File Type="PLACE-PRE-SIMILARITY" Name="DC_incremental_reuse_pre_placed.rpt"/>
  <File Type="PLACE-SIMILARITY" Name="DC_incremental_reuse_placed.rpt"/>
  <File Type="PLACE-CTRL" Name="DC_control_sets_placed.rpt"/>
  <File Type="PLACE-UTIL-PB" Name="DC_utilization_placed.pb"/>
  <File Type="PLACE-UTIL" Name="DC_utilization_placed.rpt"/>
  <File Type="PLACE-CLK" Name="DC_clock_utilization_placed.rpt"/>
  <File Type="PLACE-IO" Name="DC_io_placed.rpt"/>
  <File Type="PLACE-DCP" Name="DC_placed.dcp"/>
  <File Type="PWROPT-TIMING" Name="DC_timing_summary_pwropted.rpt"/>
  <File Type="PWROPT-DRC" Name="DC_drc_pwropted.rpt"/>
  <File Type="PWROPT-DCP" Name="DC_pwropt.dcp"/>
  <File Type="OPT-TIMING" Name="DC_timing_summary_opted.rpt"/>
  <File Type="OPT-HWDEF" Name="DC.hwdef"/>
  <File Type="OPT-METHODOLOGY-DRC" Name="DC_methodology_drc_opted.rpt"/>
  <File Type="OPT-DRC" Name="DC_drc_opted.rpt"/>
  <File Type="OPT-DCP" Name="DC_opt.dcp"/>
  <File Type="INIT-TIMING" Name="DC_timing_summary_init.rpt"/>
  <File Type="POSTPLACE-PWROPT-DCP" Name="DC_postplace_pwropt.dcp"/>
  <File Type="PA-TCL" Name="DC.tcl"/>
  <FileSet Name="sources" Type="DesignSrcs" RelSrcDir="$PSRCDIR/sources_1">
    <Filter Type="Srcs"/>
    <File Path="$PSRCDIR/sources_1/new/pc_writer.vhd">
      <FileInfo>
        <Attr Name="UsedIn" Val="synthesis"/>
        <Attr Name="UsedIn" Val="simulation"/>
      </FileInfo>
    </File>
    <File Path="$PSRCDIR/sources_1/imports/Controller/NextState.vhd">
      <FileInfo>
        <Attr Name="ImportPath" Val="$PPRDIR/../Controller/NextState.vhd"/>
        <Attr Name="ImportTime" Val="1521799556"/>
        <Attr Name="UsedIn" Val="synthesis"/>
        <Attr Name="UsedIn" Val="simulation"/>
      </FileInfo>
    </File>
    <File Path="$PSRCDIR/sources_1/imports/Controller/MainControl.vhd">
      <FileInfo>
        <Attr Name="ImportPath" Val="$PPRDIR/../Controller/MainControl.vhd"/>
        <Attr Name="ImportTime" Val="1521799279"/>
        <Attr Name="UsedIn" Val="synthesis"/>
        <Attr Name="UsedIn" Val="simulation"/>
      </FileInfo>
    </File>
    <File Path="$PSRCDIR/sources_1/imports/Controller/Decoder.vhd">
      <FileInfo>
        <Attr Name="ImportPath" Val="$PPRDIR/../Controller/Decoder.vhd"/>
        <Attr Name="ImportTime" Val="1521798494"/>
        <Attr Name="UsedIn" Val="synthesis"/>
        <Attr Name="UsedIn" Val="simulation"/>
      </FileInfo>
    </File>
    <File Path="$PSRCDIR/sources_1/imports/Controller/Bctrl.vhd">
      <FileInfo>
        <Attr Name="ImportPath" Val="$PPRDIR/../Controller/Bctrl.vhd"/>
        <Attr Name="ImportTime" Val="1521575003"/>
        <Attr Name="UsedIn" Val="synthesis"/>
        <Attr Name="UsedIn" Val="simulation"/>
      </FileInfo>
    </File>
    <File Path="$PSRCDIR/sources_1/imports/Controller/Actrl.vhd">
      <FileInfo>
        <Attr Name="ImportPath" Val="$PPRDIR/../Controller/Actrl.vhd"/>
        <Attr Name="ImportTime" Val="1521798431"/>
        <Attr Name="UsedIn" Val="synthesis"/>
        <Attr Name="UsedIn" Val="simulation"/>
      </FileInfo>
    </File>
    <File Path="$PSRCDIR/sources_1/imports/Memory.vhd">
      <FileInfo>
        <Attr Name="UsedIn" Val="synthesis"/>
        <Attr Name="UsedIn" Val="simulation"/>
      </FileInfo>
    </File>
    <File Path="$PSRCDIR/sources_1/new/writer_4bit.vhd">
      <FileInfo>
        <Attr Name="UsedIn" Val="synthesis"/>
        <Attr Name="UsedIn" Val="simulation"/>
      </FileInfo>
    </File>
    <File Path="$PSRCDIR/sources_1/imports/Lab4_comp_done/writer.vhd">
      <FileInfo>
        <Attr Name="ImportPath" Val="$PPRDIR/../Dropbox/SEM 4/COL 216/Lab/VHDL/Lab4_comp_done/writer.vhd"/>
        <Attr Name="ImportTime" Val="1520510658"/>
        <Attr Name="UsedIn" Val="synthesis"/>
        <Attr Name="UsedIn" Val="simulation"/>
      </FileInfo>
    </File>
    <File Path="$PSRCDIR/sources_1/new/shift.vhd">
      <FileInfo>
        <Attr Name="UsedIn" Val="synthesis"/>
        <Attr Name="UsedIn" Val="simulation"/>
      </FileInfo>
    </File>
    <File Path="$PSRCDIR/sources_1/imports/Lab4_comp_done/regF.vhd">
      <FileInfo>
        <Attr Name="ImportPath" Val="$PPRDIR/../Dropbox/SEM 4/COL 216/Lab/VHDL/Lab4_comp_done/regF.vhd"/>
        <Attr Name="ImportTime" Val="1520477650"/>
        <Attr Name="UsedIn" Val="synthesis"/>
        <Attr Name="UsedIn" Val="simulation"/>
      </FileInfo>
    </File>
    <File Path="$PSRCDIR/sources_1/imports/Lab4_comp_done/PMpath.vhd">
      <FileInfo>
        <Attr Name="ImportPath" Val="$PPRDIR/../Dropbox/SEM 4/COL 216/Lab/VHDL/Lab4_comp_done/PMpath.vhd"/>
        <Attr Name="ImportTime" Val="1520477653"/>
        <Attr Name="UsedIn" Val="synthesis"/>
        <Attr Name="UsedIn" Val="simulation"/>
      </FileInfo>
    </File>
    <File Path="$PSRCDIR/sources_1/new/mux_5_1.vhd">
      <FileInfo>
        <Attr Name="UsedIn" Val="synthesis"/>
        <Attr Name="UsedIn" Val="simulation"/>
      </FileInfo>
    </File>
    <File Path="$PSRCDIR/sources_1/imports/Lab4_comp_done/mux_4_1_5bit.vhd">
      <FileInfo>
        <Attr Name="ImportPath" Val="$PPRDIR/../Dropbox/SEM 4/COL 216/Lab/VHDL/Lab4_comp_done/mux_4_1_5bit.vhd"/>
        <Attr Name="ImportTime" Val="1520587871"/>
        <Attr Name="UsedIn" Val="synthesis"/>
        <Attr Name="UsedIn" Val="simulation"/>
      </FileInfo>
    </File>
    <File Path="$PSRCDIR/sources_1/new/mux_4_1_4bit.vhd">
      <FileInfo>
        <Attr Name="UsedIn" Val="synthesis"/>
        <Attr Name="UsedIn" Val="simulation"/>
      </FileInfo>
    </File>
    <File Path="$PSRCDIR/sources_1/imports/Lab4_comp_done/mux_3_1_4bit.vhd">
      <FileInfo>
        <Attr Name="ImportPath" Val="$PPRDIR/../Dropbox/SEM 4/COL 216/Lab/VHDL/Lab4_comp_done/mux_3_1_4bit.vhd"/>
        <Attr Name="ImportTime" Val="1520587826"/>
        <Attr Name="UsedIn" Val="synthesis"/>
        <Attr Name="UsedIn" Val="simulation"/>
      </FileInfo>
    </File>
    <File Path="$PSRCDIR/sources_1/new/mux_3_1.vhd">
      <FileInfo>
        <Attr Name="UsedIn" Val="synthesis"/>
        <Attr Name="UsedIn" Val="simulation"/>
      </FileInfo>
    </File>
    <File Path="$PSRCDIR/sources_1/imports/Lab4_comp_done/mux_2_1_4bit.vhd">
      <FileInfo>
        <Attr Name="ImportPath" Val="$PPRDIR/../Dropbox/SEM 4/COL 216/Lab/VHDL/Lab4_comp_done/mux_2_1_4bit.vhd"/>
        <Attr Name="ImportTime" Val="1520587797"/>
        <Attr Name="UsedIn" Val="synthesis"/>
        <Attr Name="UsedIn" Val="simulation"/>
      </FileInfo>
    </File>
    <File Path="$PSRCDIR/sources_1/imports/Lab4_comp_done/mux_2_1.vhd">
      <FileInfo>
        <Attr Name="ImportPath" Val="$PPRDIR/../Dropbox/SEM 4/COL 216/Lab/VHDL/Lab4_comp_done/mux_2_1.vhd"/>
        <Attr Name="ImportTime" Val="1520347610"/>
        <Attr Name="UsedIn" Val="synthesis"/>
        <Attr Name="UsedIn" Val="simulation"/>
      </FileInfo>
    </File>
    <File Path="$PSRCDIR/sources_1/imports/Lab4_comp_done/Multiplier.vhd">
      <FileInfo>
        <Attr Name="ImportPath" Val="$PPRDIR/../Dropbox/SEM 4/COL 216/Lab/VHDL/Lab4_comp_done/Multiplier.vhd"/>
        <Attr Name="ImportTime" Val="1520250830"/>
        <Attr Name="UsedIn" Val="synthesis"/>
        <Attr Name="UsedIn" Val="simulation"/>
      </FileInfo>
    </File>
    <File Path="$PSRCDIR/sources_1/imports/Lab4_comp_done/ALU.vhd">
      <FileInfo>
        <Attr Name="ImportPath" Val="$PPRDIR/../Dropbox/SEM 4/COL 216/Lab/VHDL/Lab4_comp_done/ALU.vhd"/>
        <Attr Name="ImportTime" Val="1520478031"/>
        <Attr Name="UsedIn" Val="synthesis"/>
        <Attr Name="UsedIn" Val="simulation"/>
      </FileInfo>
    </File>
    <File Path="$PSRCDIR/sources_1/imports/Controller/Controller.vhd">
      <FileInfo>
        <Attr Name="ImportPath" Val="$PPRDIR/../Controller/Controller.vhd"/>
        <Attr Name="ImportTime" Val="1522876381"/>
        <Attr Name="UsedIn" Val="synthesis"/>
        <Attr Name="UsedIn" Val="simulation"/>
      </FileInfo>
    </File>
    <File Path="$PSRCDIR/sources_1/imports/DataPath/Datapath.vhd">
      <FileInfo>
        <Attr Name="ImportPath" Val="$PPRDIR/../Dropbox/SEM 4/COL 216/Lab/VHDL/Lab4/DataPath/Datapath.vhd"/>
        <Attr Name="ImportTime" Val="1520484529"/>
        <Attr Name="UsedIn" Val="synthesis"/>
        <Attr Name="UsedIn" Val="simulation"/>
      </FileInfo>
    </File>
    <File Path="$PSRCDIR/sources_1/new/D+C.vhd">
      <FileInfo>
        <Attr Name="UsedIn" Val="synthesis"/>
        <Attr Name="UsedIn" Val="simulation"/>
      </FileInfo>
    </File>
    <File Path="$PSRCDIR/sources_1/imports/Lab4/lab4.vhd">
      <FileInfo>
        <Attr Name="AutoDisabled" Val="1"/>
        <Attr Name="ImportPath" Val="$PPRDIR/../Dropbox/SEM 4/COL 216/Lab/VHDL/Lab4/lab4.vhd"/>
        <Attr Name="ImportTime" Val="1518275634"/>
        <Attr Name="UsedIn" Val="synthesis"/>
        <Attr Name="UsedIn" Val="simulation"/>
      </FileInfo>
    </File>
    <Config>
      <Option Name="DesignMode" Val="RTL"/>
      <Option Name="TopModule" Val="DC"/>
      <Option Name="TopAutoSet" Val="TRUE"/>
    </Config>
  </FileSet>
  <FileSet Name="constrs_in" Type="Constrs" RelSrcDir="$PSRCDIR/constrs_1">
    <Filter Type="Constrs"/>
    <File Path="$PSRCDIR/constrs_1/imports/A4_A5_datapath controller/lab4_5.xdc">
      <FileInfo>
        <Attr Name="ImportPath" Val="$PPRDIR/../lab4_5.xdc"/>
        <Attr Name="ImportTime" Val="1524912938"/>
        <Attr Name="UsedIn" Val="synthesis"/>
        <Attr Name="UsedIn" Val="implementation"/>
      </FileInfo>
    </File>
    <Config>
      <Option Name="ConstrsType" Val="XDC"/>
    </Config>
  </FileSet>
  <Strategy Version="1" Minor="2">
    <StratHandle Name="Vivado Implementation Defaults" Flow="Vivado Implementation 2016"/>
    <Step Id="init_design"/>
    <Step Id="opt_design"/>
    <Step Id="power_opt_design"/>
    <Step Id="place_design"/>
    <Step Id="post_place_power_opt_design"/>
    <Step Id="phys_opt_design"/>
    <Step Id="route_design"/>
    <Step Id="post_route_phys_opt_design"/>
    <Step Id="write_bitstream"/>
  </Strategy>
</GenRun>
